{
  "0": {
    "income": 55.2962962962963,
    "score": 49.51851851851852
  },
  "1": {
    "income": 86.53846153846153,
    "score": 82.12820512820514
  },
  "2": {
    "income": 25.727272727272727,
    "score": 79.36363636363636
  },
  "3": {
    "income": 88.2,
    "score": 17.114285714285707
  },
  "4": {
    "income": 26.304347826086953,
    "score": 20.913043478260867
  }
}